_id,AREA_NAME,HOOD_ID,ASSAULT_2025,ASSAULT_RATE_2025,AUTOTHEFT_2025,AUTOTHEFT_RATE_2025,BREAKENTER_2025,BREAKENTER_RATE_2025,HOMICIDE_2025,HOMICIDE_RATE_2025,ROBBERY_2025,ROBBERY_RATE_2025,SHOOTING_2025,SHOOTING_RATE_2025,THEFTFROMMV_2025,THEFTFROMMV_RATE_2025,THEFTOVER_2025,THEFTOVER_RATE_2025,POPULATION_2025
1,South Eglinton-Davisville,174,126,435.955993652344,17,58.8194580078125,37,128.018829345703,0,0.0,7,24.2197780609131,0,0.0,29,100.339073181152,6,20.7598094940186,28902
2,North Toronto,173,129,626.76123046875,14,68.0205993652344,36,174.910110473633,0,0.0,11,53.4447593688965,0,0.0,13,63.1619873046875,5,24.2930717468262,20582
3,Dovercourt Village,172,128,974.940979003906,17,129.484344482422,31,236.118515014648,0,0.0,9,68.550537109375,0,0.0,19,144.717803955078,3,22.8501796722412,13129
4,Junction-Wallace Emerson,171,200,720.020141601563,30,108.003021240234,64,230.406448364258,0,0.0,10,36.0010070800781,1,3.600100802822479,56,201.605651855469,9,32.4009056091309,27777
5,Yonge-Bay Corridor,170,560,3361.14282226563,27,162.055099487305,92,552.187744140625,2,12.004081387671807,50,300.102020263672,2,12.004081387671807,67,402.13671875,35,210.071426391602,16661
6,Bay-Cloverhill,169,145,601.934509277344,4,16.6050891876221,69,286.437805175781,0,0.0,18,74.722900390625,0,0.0,35,145.294525146484,21,87.1767196655273,24089
7,Bendale-Glen Andrew,156,180,871.755126953125,96,464.936065673828,30,145.292526245117,2,9.686168151879118,46,222.781860351563,3,14.529252227818676,60,290.585052490234,17,82.3324279785156,20648
8,Downsview,155,187,811.103881835938,77,333.983947753906,38,164.8232421875,0,0.0,29,125.786163330078,2,8.674907829104315,47,203.860336303711,19,82.41162109375,23055
9,Oakdale-Beverley Heights,154,285,1162.2216796875,111,452.654754638672,38,154.962890625,1,4.07797080172906,39,159.040863037109,4,16.31188320691624,67,273.224029541016,19,77.4814453125,24522
10,Avondale,153,84,508.259216308594,11,66.5577545166016,18,108.912689208984,0,0.0,5,30.2535247802734,0,0.0,18,108.912689208984,3,18.1521148681641,16527
11,East Willowdale,152,52,295.135925292969,32,181.622116088867,35,198.649185180664,0,0.0,10,56.756908416748,1,5.675691015381123,34,192.973495483398,9,51.0812187194824,17619
12,Yonge-Doris,151,123,510.691314697266,24,99.6470794677734,14,58.1274642944336,0,0.0,17,70.5833511352539,0,0.0,54,224.205932617188,14,58.1274642944336,24085
13,Fenside-Parkwoods,150,131,553.232849121094,63,266.058532714844,28,118.248237609863,0,0.0,8,33.7852096557617,2,8.44630263102327,33,139.363998413086,7,29.5620594024658,23679
14,Parkwoods-O'Connor Hills,149,78,520.902893066406,46,307.199157714844,30,200.347274780273,0,0.0,10,66.7824249267578,1,6.678242286630159,31,207.025512695313,7,46.7476959228516,14974
15,East L'Amoreaux,148,69,288.606323242188,40,167.308013916016,56,234.231216430664,0,0.0,21,87.8367080688477,0,0.0,19,79.471305847168,4,16.7308006286621,23908
16,L'Amoreaux West,147,96,398.04296875,55,228.045440673828,39,161.704956054688,0,0.0,21,87.0718994140625,1,4.146280786134837,31,128.534698486328,10,41.4628067016602,24118
17,Malvern East,146,144,505.866638183594,64,224.829620361328,23,80.7981414794922,0,0.0,23,80.7981414794922,0,0.0,53,186.187026977539,10,35.1296272277832,28466
18,Malvern West,145,116,635.02490234375,67,366.781616210938,8,43.7948226928711,0,0.0,23,125.910110473633,5,27.371763288991076,38,208.025405883789,12,65.6922302246094,18267
19,Morningside Heights,144,130,486.108520507813,97,362.711730957031,40,149.571853637695,0,0.0,37,138.353958129883,5,18.69648132221516,65,243.054260253906,18,67.3073348999023,26743
20,West Rouge,143,63,278.342315673828,101,446.231323242188,17,75.1082458496094,0,0.0,10,44.1813201904297,1,4.418132013784572,39,172.307144165039,10,44.1813201904297,22634
21,Woburn North,142,221,768.882873535156,91,316.598815917969,52,180.913619995117,0,0.0,22,76.5403747558594,4,13.91643182687959,81,281.807739257813,18,62.6239433288574,28743
22,Golfdale-Cedarbrae-Woburn,141,193,637.594970703125,75,247.770065307617,27,89.1972274780273,0,0.0,30,99.108024597168,3,9.910802775024777,55,181.698043823242,16,52.8576164245605,30270
23,Guildwood,140,43,399.368438720703,8,74.3011016845703,6,55.725830078125,0,0.0,6,55.725830078125,2,18.575276307235068,22,204.328033447266,3,27.8629150390625,10767
24,Scarborough Village,139,143,763.481018066406,52,277.629486083984,46,245.595306396484,1,5.339028296849974,20,106.780563354492,1,5.339028296849974,56,298.985595703125,4,21.3561134338379,18730
25,Eglinton East,138,214,825.808471679688,70,270.124267578125,39,150.497802734375,0,0.0,17,65.6016082763672,4,15.435671837616733,145,559.543090820313,16,61.7426872253418,25914
26,West Hill,136,419,1328.21911621094,47,148.988784790039,61,193.368408203125,2,6.339948012426299,31,98.2691955566406,5,15.849870031065745,123,389.906799316406,20,63.3994789123535,31546
27,Morningside,135,125,646.830505371094,42,217.335052490234,15,77.6196670532227,0,0.0,11,56.921085357666,3,15.523932729624839,21,108.667526245117,7,36.2225112915039,19325
28,Highland Creek,134,78,575.603271484375,33,243.524459838867,16,118.072463989258,1,7.379529186037931,6,44.2771759033203,1,7.379529186037931,29,214.00634765625,13,95.9338760375977,13551
29,Centennial Scarborough,133,43,292.616546630859,22,149.710784912109,28,190.541000366211,0,0.0,3,20.4151077270508,1,6.805035726437564,16,108.880569458008,5,34.0251770019531,14695
30,Milliken,130,88,334.232208251953,160,607.694946289063,67,254.472259521484,0,0.0,52,197.500854492188,5,18.99046678567359,105,398.7998046875,33,125.33708190918,26329
31,Agincourt North,129,83,276.906646728516,98,326.950012207031,28,93.4142913818359,0,0.0,32,106.75919342041,2,6.67244945619537,32,106.75919342041,16,53.3795967102051,29974
32,Agincourt South-Malvern West,128,133,467.043579101563,78,273.905242919922,74,259.858825683594,2,7.02321171471714,27,94.8133544921875,6,21.06963514415142,69,242.300811767578,11,38.6276626586914,28477
33,Dorset Park,126,185,671.969787597656,98,355.962371826172,53,192.51025390625,0,0.0,31,112.600341796875,5,18.161345392466675,92,334.168762207031,20,72.645378112793,27531
34,Ionview,125,116,813.806640625,20,140.311492919922,13,91.2024688720703,1,7.0155745755577374,13,91.2024688720703,1,7.0155745755577374,29,203.45166015625,6,42.093448638916,14254
35,Kennedy Park,124,288,1521.47497558594,40,211.315963745117,30,158.48698425293,1,5.282899255111205,23,121.506683349609,3,15.848697765333617,76,401.500335693359,16,84.5263900756836,18929
36,Cliffcrest,123,145,803.6357421875,49,271.573455810547,34,188.438735961914,0,0.0,23,127.473258972168,2,11.084631158898187,84,465.554504394531,7,38.7962074279785,18043
37,Birchcliffe-Cliffside,122,168,648.548461914063,69,266.368133544922,47,181.439163208008,0,0.0,19,73.3477478027344,0,0.0,72,277.949340820313,9,34.7436676025391,25904
38,Downtown Yonge East,168,593,2360.7626953125,19,75.6399536132813,69,274.692474365234,0,0.0,36,143.317810058594,3,11.943150603129105,98,390.142913818359,25,99.526252746582,25119
39,Church-Wellesley,167,380,1264.64318847656,14,46.5921211242676,44,146.432373046875,1,3.3280085197018106,28,93.1842422485352,0,0.0,62,206.336532592773,32,106.496269226074,30048
40,St Lawrence-East Bayfront-The Islands,166,473,1059.68273925781,11,24.6437854766846,73,163.545120239258,0,0.0,43,96.3348007202148,2,4.480688233712699,73,163.545120239258,35,78.4120407104492,44636
41,Harbourfront-CityPlace,165,312,883.327209472656,20,56.6235389709473,50,141.558853149414,1,2.831176920245746,17,48.1300086975098,3,8.493530760737238,43,121.740608215332,20,56.6235389709473,35321
42,Wellington Place,164,442,1169.62158203125,37,97.9095001220703,111,293.728485107422,2,5.292405398253506,31,82.0322799682617,4,10.584810796507012,80,211.696212768555,33,87.3246917724609,37790
43,Fort York-Liberty Village,163,188,730.863403320313,12,46.6508560180664,32,124.402282714844,1,3.8875714341251024,6,23.3254280090332,0,0.0,34,132.177429199219,20,77.7514266967773,25723
44,West Queen West,162,91,588.730041503906,13,84.1042861938477,40,258.782440185547,0,0.0,8,51.7564849853516,1,6.469560716827328,28,181.147705078125,3,19.4086818695068,15457
45,Humber Bay Shores,161,120,455.528991699219,49,186.007675170898,25,94.9018707275391,0,0.0,4,15.1842994689941,1,3.7960748585962114,19,72.1254196166992,11,41.7568244934082,26343
46,Mimico-Queensway,160,1014,4209.21533203125,54,224.159408569336,32,132.835205078125,1,4.151100041511,10,41.5110015869141,0,0.0,24,99.6264038085938,16,66.4176025390625,24090
47,Etobicoke City Centre,159,261,844.441589355469,186,601.785949707031,65,210.301544189453,0,0.0,58,187.653686523438,5,16.17704154264268,86,278.2451171875,62,200.595321655273,30908
48,Islington,158,109,389.605743408203,48,171.56950378418,82,293.097900390625,1,3.5743646566822744,11,39.3180122375488,1,3.5743646566822744,40,142.974578857422,15,53.6154708862305,27977
49,Bendale South,157,79,684.634704589844,34,294.652923583984,9,77.9963607788086,0,0.0,11,95.3288879394531,1,8.666262241095415,38,329.317962646484,1,8.66626262664795,11539
50,Caledonia-Fairbank,109,59,552.330993652344,30,280.846282958984,13,121.700057983398,0,0.0,8,74.8923416137695,1,9.361542782250515,17,159.146224975586,2,18.7230854034424,10682
51,Briar Hill-Belgravia,108,112,684.512878417969,43,262.804046630859,34,207.798553466797,0,0.0,12,73.3406677246094,2,12.223444566678891,24,146.681335449219,8,48.8937797546387,16362
52,Oakwood Village,107,152,646.698425292969,47,199.965957641602,25,106.364875793457,0,0.0,3,12.7637853622437,1,4.2545949625595645,33,140.401626586914,3,12.7637853622437,23504
53,Humewood-Cedarvale,106,78,471.641082763672,22,133.026962280273,35,211.633819580078,0,0.0,7,42.3267631530762,2,12.093360744951022,18,108.84024810791,3,18.1400413513184,16538
54,Lawrence Park North,105,44,265.476043701172,16,96.5367431640625,39,235.308319091797,0,0.0,7,42.2348251342773,0,0.0,29,174.972854614258,3,18.1006393432617,16574
55,Lawrence Park South,103,34,200.188415527344,30,176.636840820313,49,288.5068359375,0,0.0,6,35.3273658752441,0,0.0,15,88.3184204101563,7,41.215259552002,16984
56,Forest Hill North,102,57,412.266754150391,10,72.3274993896484,22,159.120498657227,0,0.0,1,7.23274993896484,0,0.0,11,79.5602493286133,7,50.6292495727539,13826
57,Forest Hill South,101,24,196.463653564453,13,106.417816162109,40,327.439422607422,0,0.0,9,73.6738739013672,0,0.0,16,130.975769042969,9,73.6738739013672,12216
58,Yonge-Eglinton,100,105,713.848693847656,17,115.575500488281,20,135.971176147461,0,0.0,14,95.1798248291016,0,0.0,8,54.3884696960449,15,101.978378295898,14709
59,Mount Pleasant East,99,66,336.545806884766,44,224.363876342773,40,203.967163085938,0,0.0,2,10.1983585357666,0,0.0,21,107.08275604248,9,45.8926124572754,19611
60,Rosedale-Moore Park,98,249,1080.44775390625,46,199.600799560547,105,455.610504150391,0,0.0,20,86.782958984375,0,0.0,42,182.244201660156,15,65.0872192382813,23046
61,Yonge-St.Clair,97,42,270.845428466797,10,64.4870071411133,58,374.024627685547,0,0.0,4,25.7948017120361,0,0.0,18,116.076606750488,5,32.2435035705566,15507
62,Casa Loma,96,77,564.888854980469,10,73.362190246582,44,322.793640136719,0,0.0,4,29.3448753356934,2,14.672437825544714,14,102.707061767578,5,36.681095123291,13631
63,Annex,95,416,1080.88439941406,45,116.92259979248,149,387.143707275391,2,5.196559877361187,31,80.5466766357422,2,5.196559877361187,85,220.853790283203,44,114.324317932129,38487
64,Wychwood,94,111,721.951232910156,29,188.617889404297,36,234.146347045898,2,13.008130081300813,4,26.0162601470947,0,0.0,20,130.081298828125,5,32.5203247070313,15375
65,Corso Italia-Davenport,92,141,994.98974609375,28,197.586624145508,28,197.586624145508,0,0.0,13,91.7366485595703,1,7.056665020111495,46,324.606597900391,5,35.2833251953125,14171
66,Weston-Pelham Park,91,74,611.317626953125,15,123.915740966797,23,190.004135131836,1,8.261049153242462,7,57.8273429870605,1,8.261049153242462,49,404.791412353516,3,24.7831478118896,12105
67,Junction Area,90,146,908.129638671875,38,236.362503051758,49,304.783233642578,0,0.0,12,74.6407928466797,1,6.220065932698886,93,578.466125488281,14,87.080924987793,16077
68,Oakridge,121,199,1276.21374511719,25,160.328353881836,36,230.872833251953,0,0.0,9,57.7182083129883,2,12.826268197268003,31,198.807159423828,7,44.8919372558594,15593
69,Clairlea-Birchmount,120,399,1303.79370117188,88,287.553497314453,58,189.523895263672,0,0.0,15,49.0148010253906,3,9.802960494069207,89,290.821166992188,26,84.9589920043945,30603
70,Wexford/Maryvale,119,350,1128.15881347656,132,425.47705078125,79,254.641571044922,0,0.0,39,125.709129333496,10,32.233109850438375,137,441.593597412109,26,83.8060836791992,31024
71,Tam O'Shanter-Sullivan,118,143,446.581939697266,67,209.237686157227,40,124.918022155762,1,3.1229505636925765,31,96.8114700317383,4,12.491802254770306,82,256.081939697266,11,34.3524551391602,32021
72,Steeles,116,58,225.689712524414,36,140.083267211914,46,178.99528503418,0,0.0,14,54.4768295288086,0,0.0,29,112.844856262207,6,23.3472118377686,25699
73,Mount Dennis,115,81,562.148681640625,22,152.682357788086,18,124.921920776367,1,6.940106877645916,12,83.2812805175781,2,13.880213755291832,26,180.442779541016,2,13.8802137374878,14409
74,Lambton Baby Point,114,21,243.789184570313,8,92.8720703125,3,34.8270263671875,0,0.0,6,69.654052734375,0,0.0,4,46.43603515625,1,11.6090087890625,8614
75,Weston,113,194,875.5302734375,53,239.191268920898,40,180.521713256836,0,0.0,7,31.5912990570068,4,18.05217077353552,30,135.39128112793,8,36.1043434143066,22158
76,Beechborough-Greenbrook,112,56,692.298156738281,20,247.24934387207,9,111.26220703125,0,0.0,12,148.349609375,1,12.362467548522686,12,148.349609375,3,37.08740234375,8089
77,Rockcliffe-Smythe,111,179,742.676940917969,38,157.663269042969,32,132.769058227539,0,0.0,18,74.6826019287109,4,16.59613310098747,54,224.047790527344,9,37.3413009643555,24102
78,Keelesdale-Eglinton West,110,53,418.310974121094,24,189.423843383789,14,110.49723815918,0,0.0,9,71.033935546875,3,23.677979479084453,30,236.779800415039,3,23.6779804229736,12670
79,Palmerston-Little Italy,80,92,654.617919921875,16,113.846588134766,36,256.154846191406,0,0.0,16,113.846588134766,1,7.115411982353779,20,142.308242797852,4,28.4616470336914,14054
80,University,79,143,1740.50634765625,15,182.570587158203,60,730.282348632813,1,12.171372930866601,11,133.885101318359,0,0.0,29,352.969818115234,10,121.713729858398,8216
81,Kensington-Chinatown,78,460,2017.45532226563,27,118.415855407715,101,442.963012695313,0,0.0,44,192.973999023438,5,21.928862769176792,194,850.839904785156,50,219.288635253906,22801
82,North St.James Town,74,300,1281.61315917969,20,85.4408721923828,36,153.793579101563,0,0.0,18,76.8967895507813,1,4.272043745727957,32,136.70539855957,9,38.4483947753906,23408
83,Moss Park,73,655,2226.75512695313,24,81.5910263061523,103,350.161468505859,1,3.399626041135475,49,166.581680297852,1,3.399626041135475,81,275.369720458984,19,64.5928955078125,29415
84,Regent Park,72,159,947.839050292969,16,95.3800277709961,28,166.915054321289,0,0.0,14,83.4575271606445,1,5.961251862891207,21,125.18628692627,2,11.9225034713745,16775
85,Cabbagetown-South St.James Town,71,141,1078.55883789063,12,91.7922439575195,42,321.272857666016,0,0.0,19,145.33772277832,0,0.0,30,229.480606079102,3,22.9480609893799,13073
86,South Riverdale,70,263,828.737976074219,69,217.425552368164,84,264.691986083984,0,0.0,22,69.324089050293,1,3.1510950055144162,111,349.771545410156,28,88.2306594848633,31735
87,Blake-Jones,69,54,658.938354492188,12,146.430755615234,8,97.6204986572266,0,0.0,4,48.8102493286133,1,12.202562538133009,3,36.6076889038086,4,48.8102493286133,8195
88,North Riverdale,68,81,662.902038574219,13,106.39168548584,36,294.623138427734,2,16.36795155086341,10,81.8397598266602,1,8.183975775431705,33,270.071197509766,3,24.5519275665283,12219
89,Playter Estates-Danforth,67,118,1400.26110839844,21,249.199005126953,20,237.332382202148,0,0.0,5,59.3330955505371,1,11.866619200189866,60,711.997131347656,3,35.5998573303223,8427
90,Danforth,66,160,1561.73742675781,27,263.543182373047,19,185.456314086914,1,9.760858955588091,7,68.3260116577148,0,0.0,32,312.347473144531,1,9.7608585357666,10245
91,Greenwood-Coxwell,65,104,671.140930175781,23,148.425399780273,21,135.518844604492,1,6.453278265358803,9,58.0795059204102,1,6.453278265358803,36,232.318023681641,4,25.8131122589111,15496
92,Woodbine Corridor,64,100,728.756713867188,9,65.5881042480469,17,123.888648986816,0,0.0,3,21.8627014160156,0,0.0,18,131.176208496094,6,43.7254028320313,13722
93,The Beaches,63,125,525.563415527344,39,163.975784301758,36,151.362258911133,0,0.0,6,25.2270431518555,0,0.0,58,243.861419677734,12,50.4540863037109,23784
94,East End-Danforth,62,200,796.241760253906,37,147.304718017578,49,195.079223632813,0,0.0,13,51.7557144165039,1,3.98120869495979,49,195.079223632813,10,39.8120880126953,25118
95,Taylor-Massey,61,131,788.72900390625,32,192.666625976563,24,144.499969482422,0,0.0,13,78.2708206176758,0,0.0,35,210.729125976563,4,24.0833282470703,16609
96,Woodbine-Lumsden,60,58,672.463745117188,15,173.913040161133,6,69.5652160644531,1,11.594202898550725,2,23.1884059906006,1,11.594202898550725,21,243.478256225586,4,46.3768119812012,8625
97,Danforth East York,59,80,434.546447753906,34,184.682235717773,16,86.9092864990234,0,0.0,2,10.8636608123779,2,10.863661053775122,44,239.000549316406,4,21.7273216247559,18410
98,Old East York,58,66,655.281982421875,24,238.28434753418,10,99.2851486206055,0,0.0,6,59.5710868835449,1,9.928514694201747,27,268.069885253906,5,49.6425743103027,10072
99,Runnymede-Bloor West Village,89,61,549.995483398438,34,306.554870605469,12,108.195831298828,0,0.0,9,81.1468734741211,0,0.0,22,198.359024047852,6,54.0979156494141,11091
100,High Park North,88,173,677.92626953125,19,74.4543304443359,34,133.23405456543,1,3.918648849876562,11,43.1051368713379,1,3.918648849876562,39,152.827301025391,7,27.4305419921875,25519
101,High Park-Swansea,87,120,465.784271240234,23,89.2753143310547,59,229.010589599609,0,0.0,12,46.578426361084,2,7.763071070915654,33,128.090667724609,6,23.289213180542,25763
102,Roncesvalles,86,156,939.47607421875,17,102.378799438477,42,252.93586730957,0,0.0,11,66.2451095581055,0,0.0,25,150.557067871094,1,6.02228260040283,16605
103,South Parkdale,85,299,1140.30737304688,19,72.4610061645508,63,240.265441894531,1,3.8137370809656383,18,68.6472702026367,2,7.627474161931277,54,205.941802978516,12,45.7648468017578,26221
104,Little Portugal,84,133,726.895141601563,22,120.238288879395,33,180.357437133789,0,0.0,6,32.7922592163086,2,10.930753675465924,35,191.288192749023,9,49.1883926391602,18297
105,Dufferin Grove,83,154,1224.45739746094,14,111.314300537109,34,270.334747314453,0,0.0,14,111.314300537109,0,0.0,35,278.285766601563,11,87.4612350463867,12577
106,Trinity-Bellwoods,81,162,946.704040527344,13,75.9700775146484,60,350.631134033203,0,0.0,10,58.4385223388672,1,5.84385226741468,48,280.504913330078,12,70.1262283325195,17112
107,Don Valley Village,47,175,563.316833496094,64,206.013000488281,29,93.3496398925781,0,0.0,32,103.006500244141,0,0.0,49,157.728713989258,14,45.0653457641602,31066
108,Pleasant View,46,62,375.007568359375,21,127.018692016602,15,90.7276382446289,0,0.0,8,48.3880729675293,0,0.0,31,187.503784179688,10,60.4850921630859,16533
109,Flemingdon Park,44,157,596.028991699219,62,235.37451171875,16,60.7418098449707,0,0.0,10,37.9636306762695,3,11.38908925249611,53,201.207244873047,7,26.5745410919189,26341
110,Victoria Village,43,116,591.173156738281,56,285.393951416016,41,208.949142456055,0,0.0,4,20.3852825164795,0,0.0,35,178.371215820313,6,30.5779228210449,19622
111,Banbury-Don Mills,42,132,404.945251464844,72,220.87922668457,81,248.489120483398,0,0.0,33,101.236312866211,3,9.203300917262325,69,211.675918579102,22,67.4908752441406,32597
112,Bridle Path-Sunnybrook-York Mills,41,24,205.937881469727,23,197.357131958008,47,403.295013427734,0,0.0,6,51.4844703674316,2,17.16148961729878,19,163.034149169922,4,34.3229789733887,11654
113,St.Andrew-Windfields,40,115,614.841735839844,38,203.165100097656,72,384.944396972656,0,0.0,20,106.929000854492,1,5.3464499572284,41,219.204452514648,8,42.771598815918,18704
114,Bedford Park-Nortown,39,58,230.113067626953,38,150.763732910156,63,249.950408935547,0,0.0,15,59.5120010375977,0,0.0,50,198.373336791992,17,67.4469375610352,25205
115,Lansing-Westgate,38,110,603.103210449219,41,224.793029785156,19,104.172378540039,0,0.0,9,49.3448104858398,1,5.482756730083886,35,191.896484375,8,43.8620529174805,18239
116,Willowdale West,37,119,561.161926269531,19,89.597282409668,22,103.74422454834,0,0.0,11,51.8721122741699,0,0.0,30,141.469390869141,8,37.7251739501953,21206
117,Newtonbrook West,36,188,710.586975097656,117,442.227020263672,51,192.765625,0,0.0,25,94.4929504394531,0,0.0,67,253.241104125977,20,75.5943603515625,26457
118,Westminster-Branson,35,147,512.320068359375,54,188.19921875,17,59.2479019165039,0,0.0,9,31.3665351867676,0,0.0,35,121.980972290039,7,24.3961944580078,28693
119,Bathurst Manor,34,90,510.233001708984,25,141.731384277344,20,113.385108947754,0,0.0,14,79.3695755004883,2,11.338511253472419,27,153.069900512695,10,56.692554473877,17639
120,Clanton Park,33,123,584.128784179688,39,185.211563110352,28,132.972412109375,0,0.0,20,94.9802932739258,1,4.74901457947476,41,194.709594726563,19,90.2312774658203,21057
121,Englemount-Lawrence,32,130,539.889526367188,36,149.507873535156,33,137.048873901367,1,4.152996386893143,11,45.6829605102539,6,24.91797832135886,50,207.649826049805,7,29.0709743499756,24079
122,Yorkdale-Glen Park,31,256,1212.63793945313,104,492.634185791016,72,341.054412841797,1,4.7368670361422955,31,146.842880249023,6,28.42120221685377,76,360.001892089844,58,274.73828125,21111
123,Brookhaven-Amesbury,30,117,610.870361328125,37,193.181228637695,32,167.075653076172,1,5.2211141857672425,12,62.6533699035645,2,10.442228371534485,35,182.738998413086,9,46.9900283813477,19153
124,Maple Leaf,29,43,379.623901367188,35,308.996215820313,9,79.456169128418,0,0.0,3,26.4853897094727,1,8.828462964597863,25,220.711578369141,6,52.9707794189453,11327
125,Rustic,28,101,971.247253417969,22,211.558807373047,9,86.5467834472656,0,0.0,2,19.2326183319092,0,0.0,12,115.395713806152,3,28.8489284515381,10399
126,York University Heights,27,428,1274.11291503906,213,634.079528808594,126,375.089294433594,0,0.0,43,128.00666809082,4,11.907597046915932,105,312.574432373047,60,178.613952636719,33592
127,Glenfield-Jane Heights,25,345,1083.84912109375,72,226.194595336914,36,113.097297668457,0,0.0,46,144.513214111328,8,25.132732242153878,31,97.3893356323242,20,62.8318290710449,31831
128,Broadview North,57,72,583.232055664063,24,194.410690307617,12,97.2053451538086,0,0.0,1,8.10044574737549,0,0.0,13,105.305793762207,3,24.3013362884521,12345
129,Leaside-Bennington,56,40,212.924514770508,56,298.094329833984,34,180.98583984375,0,0.0,2,10.6462259292603,0,0.0,44,234.21696472168,9,47.908016204834,18786
130,Thorncliffe Park,55,152,637.958557128906,90,377.738616943359,25,104.927391052246,0,0.0,20,83.9419097900391,0,0.0,54,226.643157958984,13,54.5622444152832,23826
131,O'Connor-Parkview,54,156,755.557678222656,37,179.202789306641,16,77.4930953979492,0,0.0,9,43.5898666381836,1,4.843318641933453,40,193.73274230957,8,38.7465476989746,20647
132,Henry Farm,53,73,286.848205566406,49,192.541946411133,14,55.0119857788086,1,3.929427482415812,13,51.0825576782227,1,3.929427482415812,24,94.3062591552734,7,27.5059928894043,25449
133,Bayview Village,52,132,439.4580078125,42,139.827545166016,53,176.44905090332,0,0.0,17,56.5968627929688,0,0.0,51,169.790588378906,15,49.9384078979492,30037
134,Newtonbrook East,50,101,554.001403808594,46,252.317474365234,31,170.0400390625,0,0.0,11,60.3367881774902,0,0.0,31,170.0400390625,9,49.3664627075195,18231
135,Bayview Woods-Steeles,49,40,285.877655029297,20,142.938827514648,32,228.702117919922,1,7.14694110920526,8,57.1755294799805,0,0.0,28,200.114349365234,5,35.7347068786621,13992
136,Hillcrest Village,48,84,467.315704345703,21,116.828926086426,36,200.278167724609,0,0.0,30,166.898468017578,1,5.563282336578581,31,172.46174621582,15,83.4492340087891,17975
137,Alderwood,20,73,508.108856201172,32,222.732650756836,29,201.851470947266,0,0.0,10,69.6039505004883,1,6.960395350455906,19,132.247512817383,15,104.40592956543,14367
138,Long Branch,19,76,577.90283203125,21,159.683670043945,24,182.495620727539,0,0.0,6,45.6239051818848,0,0.0,17,129.267730712891,3,22.8119525909424,13151
139,New Toronto,18,118,903.245544433594,19,145.437850952148,24,183.710968017578,0,0.0,10,76.5462341308594,2,15.309246785058175,32,244.947952270508,12,91.8554840087891,13064
140,Stonegate-Queensway,16,137,465.637969970703,57,193.732574462891,64,217.524307250977,1,3.3988172116103597,12,40.7858047485352,4,13.595268846441439,38,129.155059814453,20,67.9763412475586,29422
141,Kingsway South,15,53,513.118408203125,13,125.859230041504,28,271.081420898438,0,0.0,3,29.0444374084473,0,0.0,5,48.407398223877,6,58.0888748168945,10329
142,Etobicoke West Mall,13,68,468.577728271484,29,199.834625244141,16,110.25358581543,0,0.0,4,27.5633964538574,0,0.0,26,179.162078857422,2,13.7816982269287,14512
143,Markland Wood,12,38,332.254974365234,20,174.871032714844,28,244.819442749023,0,0.0,11,96.179069519043,0,0.0,25,218.588790893555,11,96.179069519043,11437
144,Eringate-Centennial-West Deane,11,79,393.308776855469,47,233.99382019043,22,109.529022216797,0,0.0,6,29.8715515136719,2,9.957184108334163,23,114.507614135742,5,24.8929595947266,20086
145,Princess-Rosethorn,10,30,241.138168334961,23,184.872604370117,48,385.821075439453,0,0.0,10,80.37939453125,0,0.0,16,128.607025146484,11,88.4173278808594,12441
146,Edenbridge-Humber Valley,9,57,306.831024169922,43,231.469024658203,45,242.235015869141,0,0.0,10,53.830005645752,0,0.0,11,59.213005065918,9,48.4470062255859,18577
147,Humber Heights-Westmount,8,46,405.643737792969,25,220.458557128906,13,114.638450622559,0,0.0,10,88.1834182739258,1,8.818342151675486,10,88.1834182739258,4,35.2733688354492,11340
148,Willowridge-Martingrove-Richview,7,95,375.419891357422,82,324.046630859375,31,122.505432128906,0,0.0,13,51.3732452392578,0,0.0,35,138.312591552734,19,75.0839767456055,25305
149,Kingsview Village-The Westway,6,152,632.832336425781,71,295.599304199219,28,116.574378967285,0,0.0,10,41.6337051391602,0,0.0,35,145.717971801758,5,20.8168525695801,24019
150,Elms-Old Rexdale,5,81,802.536437988281,49,485.484985351563,16,158.52571105957,0,0.0,14,138.709991455078,2,19.815713861091844,16,158.52571105957,4,39.6314277648926,10093
151,Rexdale-Kipling,4,80,718.713500976563,37,332.404998779297,19,170.694458007813,0,0.0,14,125.774864196777,1,8.98391878537418,21,188.662292480469,7,62.8874320983887,11131
152,Thistletown-Beaumond Heights,3,68,623.73876953125,35,321.042022705078,11,100.898918151855,0,0.0,17,155.934692382813,2,18.3452577508714,16,146.762054443359,5,45.8631439208984,10902
153,Mount Olive-Silverstone-Jamestown,2,272,788.588684082031,95,275.426177978516,19,55.0852355957031,1,2.8992230082337933,37,107.27124786377,7,20.294561057636553,45,130.465042114258,9,26.0930061340332,34492
154,West Humber-Clairville,1,349,933.00537109375,494,1320.64379882813,130,347.537841796875,1,2.673367908891622,57,152.381973266602,10,26.73367908891622,204,545.367065429688,92,245.949844360352,37406
155,Black Creek,24,280,1204.19750976563,60,258.042327880859,22,94.6155166625977,0,0.0,12,51.6084632873535,8,34.40564252537416,39,167.727508544922,11,47.3077583312988,23252
156,Pelmo Park-Humberlea,23,78,616.552062988281,47,371.512145996094,15,118.56770324707,1,7.904513477195478,9,71.140625,2,15.809026954390957,29,229.230895996094,11,86.9496459960938,12651
157,Humbermede,22,194,990.857543945313,86,439.246124267578,33,168.547927856445,0,0.0,14,71.5051803588867,3,15.322539455539099,22,112.365287780762,14,71.5051803588867,19579
158,Humber Summit,21,135,1031.79455566406,88,672.577209472656,52,397.431976318359,0,0.0,25,191.073059082031,4,30.57169061449098,37,282.788146972656,25,191.073059082031,13084
